0.05,200,6,108,160,216,278,339,199,227,238,248,256,177,183,189,196,202,208,213,216,221,224,228,233,178,181,182,185,186,189,189,192,192,195,195,197,197,198,200,200,202,202,204,204,206,206,205,207,209,208,208,210,209,210,210,211,211,212,211,211,212,212,213,212,214,213,214,214,213,214,215,214,214,215,214,216,215,216,215,216,215,216,216,217,216,215,216,216,217,216,217,216,217,216,215,216,217,217,216,217,218,284,230,238,242,214,224,224,224,215,220,211,216,212,215,200,210,209,209,209,209,203,209,208,207,206,205,203,204,201,204,202,205,203,201,204,202,208,207,200,209,206,207,204,204,204,204,203,201,202,199,200,200,203,200,201,202,199,199,202,216,200,213,209,208,206,205,206,206,204,204,198,201,201,199,204,204,202,203,198,200,199,207,198,205,204,199,198,199,198,200,199,199,198,200,206,205,203,199,198,201,199,200,200,201,199,200,200,201,199,199,199,200,200,202,200,201,194,195,195,195,195,196,196,195,196,196,197,197,196,196,197,197,198,198,199,198,199,198,199,198,198,200,200,210,200,199,199,199,199,199,199,200,200,201,199,200,200,201,199,200,200,201,201,201,202,202,202,201,201,200,203,202,200,201,200,201,200,202,202,201,200,201,200,200,202,201,199,200,81,81,82,83,84,84,85,86,87,87,88,90
0.1,200,15,291,440,293,239,211,247,198,226,188,185,185,182,215,217,212,208,210,213,214,212,207,211,213,208,204,206,209,211,206,205,207,203,199,202,205,207,203,202,204,207,202,199,203,199,202,204,200,203,199,195,199,203,199,202,198,201,197,200,196,199,196,193,196,200,203,199,195,198,201,197,193,197,193,197,199,196,199,196,193,196,200,196,199,195,192,195,199,195,198,195,191,195,199,202,198,194,197,201,203,307,249,271,239,215,221,215,222,226,245,199,209,209,206,208,204,204,208,195,202,217,199,200,218,200,200,193,201,204,212,202,197,200,198,197,197,200,206,193,200,193,202,198,199,200,199,203,198,190,208,204,199,199,196,201,216,199,195,196,198,196,204,198,198,197,216,194,204,194,202,203,204,189,205,193,195,205,208,195,204,187,193,195,204,194,192,198,204,191,191,195,214,212,190,207,206,208,210,193,209,186,210,207,207,187,209,185,186,208,196,207,205,203,185,205,185,207,191,186,184,213,215,207,206,204,187,197,191,208,189,189,192,209,191,191,193,190,195,191,194,194,227,193,189,194,190,194,196,198,194,201,198,22,22,22,22,21,21,20,20,20,20,20,20,20,19,20,20,19,19,19,20,20,20,20,20,20,20,20,20,20,20,19,19,19,19,19,19,19,19,19,19,20,20,21,21,20,20,20,22
0.15,200,21,316,224,296,257,233,215,240,196,193,185,178,220,187,191,194,186,179,221,189,181,223,189,182,211,204,212,219,225,192,184,177,206,213,220,188,191,184,177,205,214,221,189,192,185,178,206,215,221,189,193,185,178,207,214,222,189,194,186,179,207,214,220,188,191,183,176,206,213,219,225,191,183,177,205,213,220,188,180,223,178,208,215,221,188,180,222,178,207,214,220,176,218,224,179,209,217,223,190,193,318,257,281,255,234,226,200,202,215,212,210,209,207,209,205,196,204,202,201,204,205,205,204,204,208,208,212,213,208,208,205,205,210,208,207,206,203,206,198,202,200,201,201,202,202,203,202,202,205,208,203,203,202,203,197,198,200,198,207,201,200,200,201,208,206,206,201,205,202,203,201,200,201,198,198,199,199,198,198,198,200,200,199,198,196,195,195,202,208,203,198,198,200,199,199,199,201,199,199,200,200,200,200,200,200,199,201,201,200,200,201,201,200,202,203,208,201,200,201,200,200,200,200,201,200,200,199,197,198,200,200,200,199,201,200,201,198,198,199,199,199,200,199,197,198,198,199,205,201,201,200,200,198,201,201,201,198,195,198,199,200,196,200,197,199,200,198,197,197,204,201,198,199,199,199,201,201,199,198,202,198,201,200,199,200,197,201,107,106,106,107,108,109,110,110,111,111,112,113,114
0.2,200,25,432,307,260,227,205,224,202,192,183,213,211,206,203,195,188,188,184,184,180,177,217,219,222,218,216,213,212,210,209,208,207,206,205,205,205,204,204,203,203,203,202,202,202,202,202,201,200,201,201,202,202,201,201,202,202,203,203,203,202,202,202,202,202,202,202,202,202,202,202,202,201,201,201,201,201,201,201,202,202,202,202,202,201,201,202,202,202,202,202,201,201,201,201,201,201,201,201,201,201,466,301,244,238,223,230,222,220,215,220,216,208,209,206,208,205,206,202,201,205,203,202,196,192,193,226,188,200,201,200,199,198,197,199,245,199,199,204,209,205,206,205,204,203,203,206,207,203,203,202,203,203,199,203,202,204,204,203,201,202,202,202,203,200,202,204,203,203,205,203,197,199,198,182,192,214,200,211,184,214,211,208,183,186,189,211,204,203,201,187,205,190,200,192,210,200,193,206,193,192,203,193,200,206,205,194,195,197,200,209,198,198,199,198,211,195,204,199,211,217,203,192,196,196,197,195,194,202,201,201,212,198,199,198,198,199,199,198,198,200,199,200,199,198,187,202,197,201,200,198,202,203,207,190,188,190,201,203,206,195,199,202,204,191,193,208,209,191,209,191,72,69,67,64,61,60,59,63,61,60,58,57,57,57,58,57,57,58,60,61,61,62,61,61,61,64,64,64,70,69
0.25,200,36,523,237,216,247,225,206,219,174,192,184,178,218,222,189,177,206,201,197,196,194,187,186,182,183,185,181,180,175,216,219,221,219,220,216,214,212,216,213,211,208,210,209,207,206,208,207,206,205,208,208,208,207,209,208,206,206,209,208,208,205,208,207,207,206,209,207,206,205,208,207,206,205,208,207,206,205,206,208,209,208,209,211,213,211,212,211,211,211,211,210,212,213,213,213,213,213,213,215,214,552,289,249,231,226,225,231,214,218,213,207,201,203,206,208,204,200,202,201,207,199,202,202,179,191,238,185,231,192,182,192,235,223,188,187,192,189,196,199,199,199,198,202,205,211,213,215,209,208,205,204,202,206,204,203,202,202,203,203,201,201,199,202,203,201,200,203,202,188,207,204,191,205,191,193,195,214,192,211,208,192,214,208,191,193,212,195,195,196,184,205,206,175,206,202,202,177,210,208,192,187,189,192,194,196,195,185,195,195,197,227,193,236,223,216,210,207,177,211,210,205,204,204,203,177,178,182,223,181,189,190,192,196,196,201,199,198,200,200,237,193,192,195,205,199,205,204,202,202,202,205,204,203,202,203,201,201,202,203,201,201,200,202,204,204,202,203,201,198,199,200,197,197,201,198,202,201,202,83,85,85,85,86,86,86,87,88,87,88,90,88,86,85,87,87,87,86,86,90,89
0.3,200,47,360,239,234,220,215,222,232,201,187,194,184,202,212,201,194,190,180,209,190,225,215,209,219,206,212,191,182,222,230,172,184,187,195,183,218,222,214,187,199,185,194,186,201,201,198,194,171,252,221,180,192,167,176,236,226,186,194,171,196,237,198,211,187,190,200,189,203,198,187,199,174,196,193,200,205,183,192,198,181,201,217,228,173,223,194,176,196,216,229,174,223,195,178,197,215,227,197,178,226,444,298,297,245,228,224,185,190,196,212,213,207,204,206,204,203,201,203,213,217,194,210,203,203,202,201,202,203,205,203,203,205,199,205,202,205,204,202,202,203,202,200,204,195,197,206,203,202,206,191,186,193,198,211,190,200,200,200,200,200,197,198,226,218,192,195,198,188,191,209,198,204,197,205,204,191,203,202,201,185,199,192,211,209,194,195,196,213,210,191,205,204,196,201,199,201,200,207,202,196,200,207,203,203,195,202,206,199,202,208,198,199,205,196,199,199,199,200,202,201,201,200,202,201,200,199,199,200,200,204,200,199,203,201,201,200,90,92,93,89,90,81,84,87,84,79,82,81,83,82,85,86,88,81,77,78,79,78,78,68,72,75,84,87,81,78,68,69,73,81,71,71,71,70,69,68,66,64,63,62,70,63,62,57,58,59,56,57,54,57,56,59,61,58,69,65,80,82,80,78
0.35,200,53,371,236,212,238,214,217,198,176,195,176,201,201,204,204,193,192,184,192,190,181,177,226,181,183,177,215,217,224,226,176,215,218,226,183,175,215,218,223,226,175,215,217,222,216,221,217,218,223,226,178,221,225,175,217,224,221,225,174,215,225,179,227,177,216,221,220,217,222,225,178,217,221,215,221,220,217,220,223,222,218,222,225,178,218,222,215,221,218,214,220,219,224,219,223,219,225,175,223,225,557,284,254,224,219,206,208,211,210,212,215,216,222,215,220,212,212,210,205,207,206,203,205,204,201,201,202,203,203,206,208,204,204,202,203,207,188,196,199,198,203,200,205,200,202,200,205,200,205,202,204,198,198,199,203,201,201,202,203,201,203,208,206,204,203,200,204,205,205,201,201,201,201,202,203,202,201,204,204,201,202,204,202,204,199,204,203,198,201,200,200,200,199,200,204,199,203,202,201,201,196,201,200,199,199,197,203,202,198,200,195,204,200,202,199,200,203,199,199,198,199,199,199,196,197,198,200,202,201,201,202,201,200,200,200,200,201,190,204,200,200,199,196,199,196,196,184,203,201,198,198,198,198,211,195,196,198,194,196,202,195,198,194,198,203,222,209,190,190,201,189,210,196,135,151,156,147,143,139,137,135,134,133,129,127,126,125,125,125,124,125,130,129,128,127,127,128,128,130,134
0.4,200,70,298,275,214,254,209,216,179,272,175,174,175,192,214,202,179,182,218,211,224,204,209,215,197,194,193,187,175,243,175,180,179,221,184,186,193,196,249,178,235,228,218,188,189,186,197,184,191,197,202,216,189,180,170,234,213,255,201,189,198,202,199,186,240,168,211,203,208,206,205,193,317,144,186,198,196,169,207,215,190,165,177,215,222,175,284,199,218,207,219,200,191,206,191,177,189,169,188,181,203,500,264,229,248,226,221,214,204,202,213,168,179,189,203,210,209,215,260,190,195,196,242,221,214,210,207,214,210,205,204,202,220,209,202,200,198,199,195,201,196,201,220,194,201,194,201,202,191,205,203,203,197,192,215,207,203,202,201,201,191,204,209,204,211,187,204,203,203,181,206,184,212,212,216,181,207,185,211,206,187,210,182,214,184,215,185,191,225,187,192,195,225,188,193,195,200,199,201,200,202,200,201,200,201,200,202,200,201,199,201,202,200,203,200,200,201,200,200,203,201,202,200,200,203,201,197,203,193,205,194,206,205,196,196,197,203,201,197,198,199,200,202,201,201,197,201,201,199,199,201,200,200,200,198,198,203,199,199,198,202,197,195,199,204,202,193,199,207,200,203,200,199,199,200,197,201,192,202,200,196,199,196,199,198,199,202,197,127,129,129,129,130,131,131,133,135,137,140,141,143
0.45,200,73,316,236,218,200,211,229,211,172,165,177,204,203,215,222,189,168,185,193,195,193,190,178,213,228,189,178,214,209,224,215,228,174,210,227,174,211,207,222,218,219,212,207,204,208,205,204,203,204,202,200,202,205,204,203,204,205,207,208,206,206,208,207,206,206,207,209,204,205,205,204,203,203,200,202,202,203,205,206,204,205,206,206,204,205,205,206,203,204,205,206,204,205,207,208,206,205,206,204,204,799,283,231,212,209,243,218,215,206,208,205,209,204,203,202,199,201,205,204,202,201,203,201,231,224,213,210,205,202,242,184,235,216,177,188,185,196,200,196,199,198,198,200,200,200,201,200,202,227,213,207,204,206,209,204,203,202,200,200,199,200,201,201,200,201,207,205,218,211,206,203,193,207,204,201,201,205,194,197,208,195,209,205,193,208,196,199,199,198,204,211,194,198,199,198,200,199,199,200,200,200,200,200,201,205,203,202,201,200,200,184,191,212,206,203,192,192,194,197,198,199,205,197,198,200,203,201,203,202,201,200,200,199,199,200,203,202,201,198,200,200,200,200,200,200,199,200,199,200,200,200,200,199,201,200,200,200,204,202,200,200,186,188,213,192,195,212,207,184,191,215,209,204,203,187,163,158,156,155,170,167,163,162,161,160,159,167,165,164,166,166,166,168,168,169,169,170,170,169,169
0.5,200,68,314,227,220,204,221,207,216,146,155,220,187,189,166,233,165,225,201,204,183,162,191,178,234,188,187,179,214,227,184,186,176,216,210,222,227,171,206,211,223,228,173,209,213,224,213,223,213,212,210,208,206,208,206,206,205,208,204,201,202,207,205,205,203,208,206,206,205,206,205,204,204,208,206,206,205,207,205,203,204,207,204,202,202,206,205,204,202,205,204,204,204,207,205,204,204,208,207,207,206,880,271,231,210,242,232,210,215,209,206,203,201,202,200,201,203,201,204,203,200,203,200,203,201,202,255,232,164,236,217,209,162,230,163,185,184,266,169,184,190,195,197,200,200,203,201,204,213,216,207,216,209,210,205,204,203,201,200,203,198,201,202,201,200,201,201,198,199,203,202,202,202,204,205,202,201,200,184,224,190,224,211,204,204,202,176,190,195,198,198,200,204,194,202,205,198,202,201,198,201,196,206,203,201,201,194,200,199,199,207,198,198,206,199,200,201,201,200,203,208,200,200,199,200,199,200,193,196,207,206,202,198,198,201,200,199,196,199,200,203,188,188,198,188,191,201,196,227,222,202,178,187,199,195,196,203,196,201,199,197,197,207,204,201,198,198,199,202,199,201,194,198,199,98,97,98,97,97,96,97,101,99,96,97,99,101,100,102,100,103,95,98,103,102,102,102,102,102,101,94
0.55,200,81,325,244,231,210,227,212,208,157,174,184,187,189,229,198,165,190,218,188,188,192,190,178,214,221,215,214,210,214,209,210,210,214,210,213,210,214,209,211,207,212,207,209,207,209,206,209,206,211,206,209,207,208,217,216,210,207,210,208,203,203,208,210,211,207,210,208,208,206,209,209,210,204,208,208,209,206,207,208,211,207,209,211,212,207,209,208,207,205,208,211,214,207,210,210,205,204,209,210,214,936,269,219,250,221,210,207,206,218,214,237,190,198,203,198,208,237,214,209,152,238,219,206,203,201,201,154,233,213,211,158,240,211,163,180,197,203,203,203,199,199,282,182,243,188,196,203,204,203,202,203,201,200,201,200,200,217,198,212,212,199,200,204,206,199,199,204,201,201,200,200,200,203,204,206,224,210,204,190,207,190,198,210,191,195,198,200,197,199,199,199,200,200,202,197,228,194,204,201,202,202,200,202,202,201,200,200,200,201,203,201,199,200,199,200,200,201,201,203,202,200,198,200,199,201,201,202,200,197,200,202,195,198,198,208,196,200,201,206,202,196,204,195,198,199,200,201,199,199,199,200,203,199,189,209,197,206,192,195,203,207,189,196,196,198,198,199,199,199,204,215,189,191,195,211,195,200,199,194,204,201,200,194,204,185,181,184,182,181,180,180,180,181,181,184,185,187,189,191,195
0.6,200,106,294,221,221,209,199,212,218,153,160,203,183,173,207,208,260,186,153,207,201,192,177,250,208,196,200,188,190,190,188,173,230,189,193,181,187,191,195,198,183,187,192,193,192,178,231,189,190,193,180,185,189,190,189,178,230,189,190,188,178,226,187,190,176,232,185,190,181,187,193,188,181,188,194,194,189,176,233,190,189,187,174,231,187,187,187,178,232,188,190,180,184,188,190,190,180,182,189,193,194,826,279,228,208,209,223,217,213,202,209,208,206,187,210,197,223,208,205,199,201,200,200,201,207,197,199,199,196,199,227,212,194,198,200,219,203,206,206,156,175,282,225,209,165,185,191,195,201,201,213,204,201,207,200,208,203,205,192,197,213,205,202,193,210,201,198,199,193,190,203,206,225,187,192,202,200,205,199,203,201,194,198,204,202,203,198,227,175,210,184,225,204,183,193,199,197,200,199,201,198,224,191,221,206,186,193,198,199,212,192,207,204,201,200,184,202,208,200,198,193,204,198,199,199,199,197,199,197,200,196,197,199,202,203,201,203,206,203,190,192,215,193,194,214,177,223,206,202,195,198,207,167,183,230,202,187,192,188,190,199,197,196,199,207,240,179,191,188,203,202,258,167,190,198,192,217,83,83,82,82,82,83,83,83,85,85,87,103,94,90,89,89,90,90,90,83,89,91,93,95
0.65,200,73,325,226,214,220,194,207,214,153,165,217,229,194,191,192,190,159,179,232,185,188,185,176,214,226,171,232,174,212,209,212,230,191,175,211,211,212,231,189,173,214,211,225,184,169,212,210,223,229,170,212,212,225,183,171,215,210,224,227,169,210,207,209,208,211,212,203,203,207,208,204,202,208,209,205,204,208,207,203,203,208,215,207,204,205,214,204,203,206,210,206,202,206,209,204,204,207,217,213,207,1072,264,219,202,238,211,215,207,201,204,207,202,207,203,206,203,202,199,199,202,184,197,203,198,266,221,211,208,208,204,145,266,219,208,201,202,153,178,211,209,207,204,210,205,202,202,201,206,203,203,203,205,198,198,181,227,219,204,201,168,224,208,202,200,196,175,220,210,172,219,206,176,199,245,200,205,182,192,198,197,198,200,201,204,202,201,215,201,198,202,198,202,202,203,198,203,202,197,199,208,200,203,199,199,202,197,199,198,204,197,199,205,201,198,205,195,194,208,202,194,206,195,199,200,200,180,216,206,176,177,240,213,166,165,269,214,207,185,167,238,157,248,208,154,176,276,192,164,179,244,198,213,202,209,190,169,214,207,201,175,186,192,202,204,203,195,297,159,185,206,222,189,183,194,200,278,164,185,82,82,83,83,80,80,85,87,88,88,88,86,86,86,86,87,85,90,90,89,90,90
0.7,200,111,346,228,210,216,200,224,206,200,162,225,186,247,210,188,228,130,359,199,145,173,187,173,191,272,149,250,158,236,206,215,171,307,203,173,177,210,248,150,189,171,153,256,233,196,152,271,230,199,214,251,228,136,132,159,233,198,237,152,236,238,210,219,199,152,202,198,196,375,158,177,186,148,185,221,350,110,207,215,226,143,265,187,173,169,230,179,215,241,219,155,183,192,219,230,162,220,154,221,192,791,247,208,266,217,201,158,198,215,214,214,212,200,206,201,207,205,204,228,209,204,202,199,200,222,215,200,207,183,235,213,203,201,185,221,208,196,200,201,198,201,199,199,193,192,187,263,212,205,199,187,178,199,193,195,200,201,197,199,202,200,202,205,200,205,214,215,212,203,202,193,201,205,213,196,199,212,199,204,199,199,202,201,200,204,188,213,203,206,189,202,201,200,207,194,209,192,198,199,204,196,202,195,203,196,215,194,188,204,193,208,198,199,199,197,200,217,202,195,210,189,201,196,199,199,204,202,200,200,199,200,205,204,198,203,200,196,197,188,195,199,191,196,199,231,182,218,203,201,199,199,199,208,177,193,226,182,223,180,194,199,201,202,201,202,201,200,201,199,204,201,201,156,157,159,160,162,163,164,164,144,157,162,150,161,167,166,161,159,159,145,160,167,170,168,149,161,161,164,151
0.75,200,109,320,236,221,201,212,214,192,128,163,239,205,223,142,238,220,196,200,146,211,183,195,172,283,194,191,159,170,208,232,188,186,181,169,208,228,190,175,213,209,228,188,170,212,207,227,167,225,166,207,211,226,176,242,171,209,229,169,227,169,207,206,227,186,167,202,204,225,183,168,206,205,227,184,168,204,204,225,183,168,205,204,225,166,225,166,201,202,225,171,229,170,208,226,170,225,167,205,223,226,978,241,210,236,173,254,213,207,202,204,204,297,161,191,201,205,221,216,209,221,209,200,216,209,207,202,200,202,200,201,201,199,204,162,237,142,204,277,161,196,197,190,195,199,215,199,199,201,200,234,208,203,200,202,203,199,204,207,204,201,201,200,202,206,208,206,200,201,218,202,202,200,206,207,206,203,201,204,203,185,190,226,206,201,201,200,201,185,196,214,180,205,204,216,206,200,201,199,179,216,194,200,199,200,200,201,190,199,200,201,200,199,200,214,193,199,215,191,201,195,203,201,201,201,200,200,201,204,201,199,199,200,203,201,203,199,190,180,180,242,193,170,243,196,210,190,192,195,202,208,198,194,202,166,199,206,187,209,199,201,202,188,197,239,175,194,195,207,201,182,211,204,203,192,211,187,194,199,201,197,201,223,186,196,202,108,112,109,116,118,112,118,120,114,113,119,115,114,114,118
0.8,200,102,290,203,205,205,216,222,192,135,190,177,244,221,200,199,149,210,225,187,199,192,169,207,208,230,169,230,170,206,208,223,231,169,205,205,228,187,168,205,204,229,169,229,166,204,203,225,164,223,207,204,207,204,204,205,204,203,199,201,205,203,206,204,204,204,203,199,199,201,203,202,203,197,201,202,202,204,200,201,202,203,203,203,202,202,202,200,202,202,202,203,201,198,202,201,202,200,203,203,203,1287,227,202,209,224,234,209,200,210,211,194,215,203,201,204,204,204,200,200,202,202,200,204,206,211,191,224,137,322,141,179,190,218,342,213,127,177,196,205,348,218,127,178,327,135,191,196,329,156,130,266,214,206,197,196,201,196,199,198,200,201,172,152,190,222,180,168,172,213,247,358,116,107,278,509,82,469,235,202,84,440,87,154,303,378,95,617,101,179,297,95,252,326,107,150,216,306,130,317,109,237,208,310,131,198,197,198,170,190,200,268,196,164,253,149,207,553,117,238,114,170,555,96,160,277,150,371,118,173,535,115,253,132,182,193,203,208,204,251,164,186,206,209,201,252,173,192,205,215,200,202,204,204,200,201,195,202,199,200,201,205,193,208,207,203,202,297,148,186,50,51,57,57,56,58,59,62,61,56,60,60,58,54,56,53,55,59,60,59,52,59,61,57,60,61,63,64,56,61,57
0.85,200,119,231,211,216,221,197,200,208,163,177,216,217,218,215,222,177,172,241,184,191,192,167,247,188,194,195,170,228,196,193,190,167,235,187,189,197,168,238,194,169,229,192,167,234,185,185,190,163,240,200,189,193,168,236,189,187,190,166,235,188,189,190,167,239,193,196,167,235,165,237,191,202,193,164,236,193,194,192,166,238,185,192,191,166,236,194,192,190,165,229,182,194,166,237,166,237,194,197,191,167,1335,254,209,200,201,206,228,211,204,201,204,188,208,204,200,204,218,205,202,201,202,203,203,203,315,214,205,200,205,199,201,200,203,215,202,200,228,159,266,209,201,155,253,170,186,201,201,213,196,204,201,209,206,205,203,200,199,203,202,192,217,201,199,200,197,220,211,206,201,200,199,200,201,198,207,209,212,202,200,176,222,212,173,200,200,201,201,204,202,200,201,200,203,200,200,200,238,179,196,198,204,201,200,199,201,200,201,199,199,200,204,196,199,204,197,200,200,201,201,203,203,200,201,200,201,201,200,204,201,201,204,204,205,206,206,201,208,211,203,206,207,207,209,211,210,211,213,200,196,192,208,214,213,189,191,232,203,184,228,186,208,201,200,195,198,199,195,199,201,202,209,194,202,201,202,202,200,200,200,200,205,206,207,207,207,207,207,211,212,213,213,218,220,223,224,223,227,228,229,225
0.9,200,105,277,199,226,210,220,194,201,114,169,279,191,144,277,189,192,196,143,239,168,244,168,233,187,164,231,166,207,230,164,201,230,165,224,208,206,202,205,205,205,205,202,203,203,200,202,203,203,204,203,201,203,203,203,205,201,199,203,205,205,204,204,204,205,206,200,203,203,203,203,203,205,201,203,200,204,206,204,204,201,201,203,203,202,202,200,203,204,202,203,205,204,205,203,199,204,204,205,204,200,1421,222,197,197,228,273,204,200,205,205,205,205,204,213,204,203,206,203,223,232,208,204,200,203,202,202,204,200,200,196,217,202,208,143,195,295,146,162,217,236,289,128,171,229,203,201,184,267,181,195,185,206,202,201,206,198,199,218,213,207,197,206,203,203,203,196,200,207,204,204,198,181,219,212,203,201,176,227,196,178,230,193,210,193,216,191,198,209,193,184,203,198,200,220,204,185,198,201,203,191,203,197,188,241,187,203,200,194,208,190,203,208,200,195,196,204,195,200,189,219,185,219,203,183,200,206,204,200,200,201,197,203,185,214,201,187,191,204,198,223,204,184,216,195,184,194,204,199,201,199,200,199,200,201,201,197,202,215,183,184,168,247,179,147,281,218,107,100,99,98,72,82,83,95,101,68,77,78,73,107,81,79,77,67,71,67,68,110,86,91,70,69,68,122,84,82,83,82,83,83
0.95,200,168,232,199,201,202,202,210,221,122,164,232,201,212,225,195,187,198,139,179,228,205,198,243,204,144,304,141,213,204,301,140,300,141,295,142,221,207,300,206,201,142,234,172,297,140,295,200,139,208,206,295,148,301,203,141,217,213,298,203,140,299,144,208,209,303,198,141,293,137,210,213,295,199,139,295,140,210,205,294,198,138,301,140,208,206,294,198,139,296,140,211,201,300,202,142,301,140,207,305,205,980,214,201,291,205,260,125,201,227,204,206,221,231,204,235,208,203,197,204,197,202,203,200,201,200,201,199,200,199,201,170,198,273,204,202,200,200,199,246,205,131,263,209,207,202,202,213,206,178,205,227,180,195,240,202,180,199,201,202,201,209,201,181,180,253,202,200,165,242,182,183,201,265,165,191,206,200,199,199,193,207,255,158,254,161,199,253,156,207,191,198,208,196,195,199,216,195,207,192,207,198,199,181,222,198,184,211,209,179,226,202,200,184,199,199,199,199,198,207,180,224,160,254,188,241,166,197,251,159,238,150,196,199,199,212,188,198,200,201,231,173,202,226,207,181,202,200,200,201,197,203,200,199,191,233,174,209,191,214,219,168,218,202,182,218,201,199,190,200,194,203,196,124,106,123,136,113,112,114,117,116,111,115,116,108,108,109,110,111,113,109,116,113,114,109,113,116,117,112,115
1,200,129,248,237,207,218,197,201,206,115,196,230,192,191,190,197,139,287,142,234,165,226,188,194,170,210,211,229,187,166,205,210,207,235,181,166,203,208,233,193,166,214,211,233,186,164,204,210,232,185,160,200,209,207,242,166,239,167,203,217,235,188,170,205,206,235,187,164,204,203,232,186,166,203,202,213,231,185,159,199,208,236,186,162,201,208,232,161,236,161,207,208,206,233,195,163,203,202,232,184,173,1528,199,199,239,202,181,234,203,235,205,202,201,210,200,202,202,199,199,201,204,234,297,199,202,203,197,201,210,246,210,208,200,202,202,201,195,201,200,201,155,212,188,270,199,151,208,201,200,200,198,211,215,187,217,190,199,201,199,231,198,220,177,205,216,240,168,199,190,218,194,222,182,202,187,210,189,215,188,200,168,250,159,250,161,202,250,159,200,262,156,202,243,163,204,197,203,199,198,200,204,260,152,242,165,257,157,245,169,199,197,202,201,201,206,198,196,201,204,198,199,214,196,199,200,200,202,200,201,208,199,202,205,198,200,200,200,176,202,199,200,199,205,190,209,202,199,200,202,200,200,199,207,201,203,202,200,199,201,200,194,205,200,202,191,199,205,199,202,200,199,200,199,200,174,175,175,170,176,177,166,166,166,180,179,178,176,177,179,177,177,181,171,173,172,186,174,187,177,176,177
